{
  "mean": [
    11.432916652417285,
    1.3308894694839843,
    1.3308894694839843,
    2.9422282914092066,
    3.7726044855705543,
    3.4831795731991426,
    98.84710298164761,
    98.84710298164761,
    0.0
  ],
  "std": [
    4.630396178321405,
    0.5450256177505566,
    0.5450256177505566,
    0.6709518138721249,
    0.8080738180399352,
    0.9300737464767279,
    366.5511144033166,
    366.5511144033166,
    1.0
  ]
}