{
  "mean": [
    11.450335796162792,
    1.3318842922856577,
    1.3318842922856577,
    2.939111819606071,
    3.7843764346934714,
    3.488145705762286,
    110.80486849689557,
    110.80486849689557,
    0.0
  ],
  "std": [
    4.6294686270017475,
    0.4682235333162858,
    0.4682235333162858,
    0.671588340493238,
    0.8108748286748158,
    0.9426998162443486,
    386.8030267525057,
    386.8030267525057,
    1.0
  ]
}